model,roc_auc,pr_auc
soft_platt,0.8332739156268567,0.630505795501071
soft_before,0.8329380764163372,0.6282824454494571
soft_isotonic,0.83300395256917,0.6267396545418586
logreg_platt,0.8323697331369965,0.6230020244220159
logreg_before,0.832444651114728,0.6221281418519138
logreg_isotonic,0.8316373453202097,0.6180811590903306
