{
  "hard_voting_test": {
    "precision": 0.6413793103448275,
    "recall": 0.49732620320855614,
    "tn": 931,
    "fp": 104,
    "fn": 188,
    "tp": 186
  },
  "soft_voting_test_threshold_0.5": {
    "precision": 0.6376306620209059,
    "recall": 0.4893048128342246,
    "tn": 931,
    "fp": 104,
    "fn": 191,
    "tp": 183
  }
}