model,val_roc_auc,val_pr_auc,val_precision@0.5,val_recall@0.5
logreg,0.859970549484616,0.6779465880751785,0.6981132075471698,0.5935828877005348
rf,0.8548502932134645,0.6716037635255359,0.6865671641791045,0.4919786096256685
gb,0.8533506419695679,0.6675268911722605,0.6832740213523132,0.5133689839572193
